../../data/795_NYU_MITpaper_train_imgs_NO_CROP/all/1.png,75684,259.428951
../../data/795_NYU_MITpaper_train_imgs_NO_CROP/all/2.png,75684,259.428951
../../data/795_NYU_MITpaper_train_imgs_NO_CROP/all/3.png,75684,259.428951
../../data/795_NYU_MITpaper_train_imgs_NO_CROP/all/4.png,75684,259.428951
../../data/795_NYU_MITpaper_train_imgs_NO_CROP/all/5.png,75684,259.428951
../../data/795_NYU_MITpaper_train_imgs_NO_CROP/all/6.png,75684,259.428951
../../data/795_NYU_MITpaper_train_imgs_NO_CROP/all/7.png,75684,259.428951
../../data/795_NYU_MITpaper_train_imgs_NO_CROP/all/8.png,75684,259.428951
../../data/795_NYU_MITpaper_train_imgs_NO_CROP/all/9.png,75684,259.428951
../../data/795_NYU_MITpaper_train_imgs_NO_CROP/all/10.png,75684,259.428951
../../data/795_NYU_MITpaper_train_imgs_NO_CROP/all/11.png,75684,259.428951
../../data/795_NYU_MITpaper_train_imgs_NO_CROP/all/12.png,75684,259.428951
../../data/795_NYU_MITpaper_train_imgs_NO_CROP/all/13.png,75684,259.428951
../../data/795_NYU_MITpaper_train_imgs_NO_CROP/all/14.png,75684,259.428951
../../data/795_NYU_MITpaper_train_imgs_NO_CROP/all/15.png,75684,259.428951
../../data/795_NYU_MITpaper_train_imgs_NO_CROP/all/16.png,75684,259.428951
../../data/795_NYU_MITpaper_train_imgs_NO_CROP/all/17.png,75684,259.428951
../../data/795_NYU_MITpaper_train_imgs_NO_CROP/all/18.png,75684,259.428951
../../data/795_NYU_MITpaper_train_imgs_NO_CROP/all/20.png,75684,259.428951
../../data/795_NYU_MITpaper_train_imgs_NO_CROP/all/21.png,75684,259.428951
../../data/795_NYU_MITpaper_train_imgs_NO_CROP/all/22.png,75684,259.428951
../../data/795_NYU_MITpaper_train_imgs_NO_CROP/all/23.png,75684,259.428951
../../data/795_NYU_MITpaper_train_imgs_NO_CROP/all/24.png,75684,259.428951
../../data/795_NYU_MITpaper_train_imgs_NO_CROP/all/25.png,75684,259.428951
../../data/795_NYU_MITpaper_train_imgs_NO_CROP/all/26.png,75684,259.428951
../../data/795_NYU_MITpaper_train_imgs_NO_CROP/all/27.png,75684,259.428951
../../data/795_NYU_MITpaper_train_imgs_NO_CROP/all/28.png,75684,259.428951
../../data/795_NYU_MITpaper_train_imgs_NO_CROP/all/29.png,75684,259.428951
../../data/795_NYU_MITpaper_train_imgs_NO_CROP/all/30.png,75684,259.428951
../../data/795_NYU_MITpaper_train_imgs_NO_CROP/all/31.png,75684,259.428951
../../data/795_NYU_MITpaper_train_imgs_NO_CROP/all/32.png,75684,259.428951
../../data/795_NYU_MITpaper_train_imgs_NO_CROP/all/33.png,75684,259.428951
../../data/795_NYU_MITpaper_train_imgs_NO_CROP/all/34.png,75684,259.428951
../../data/795_NYU_MITpaper_train_imgs_NO_CROP/all/35.png,75684,259.428951
../../data/795_NYU_MITpaper_train_imgs_NO_CROP/all/36.png,75684,259.428951
../../data/795_NYU_MITpaper_train_imgs_NO_CROP/all/37.png,75684,259.428951
../../data/795_NYU_MITpaper_train_imgs_NO_CROP/all/38.png,75684,259.428951
../../data/795_NYU_MITpaper_train_imgs_NO_CROP/all/39.png,75684,259.428951
../../data/795_NYU_MITpaper_train_imgs_NO_CROP/all/41.png,75684,259.428951
../../data/795_NYU_MITpaper_train_imgs_NO_CROP/all/42.png,75684,259.428951
../../data/795_NYU_MITpaper_train_imgs_NO_CROP/all/43.png,75684,259.428951
../../data/795_NYU_MITpaper_train_imgs_NO_CROP/all/44.png,75684,259.428951
../../data/795_NYU_MITpaper_train_imgs_NO_CROP/all/45.png,75684,259.428951
../../data/795_NYU_MITpaper_train_imgs_NO_CROP/all/46.png,75684,259.428951
../../data/795_NYU_MITpaper_train_imgs_NO_CROP/all/47.png,75684,259.428951
../../data/795_NYU_MITpaper_train_imgs_NO_CROP/all/48.png,75684,259.428951
../../data/795_NYU_MITpaper_train_imgs_NO_CROP/all/49.png,75684,259.428951
../../data/795_NYU_MITpaper_train_imgs_NO_CROP/all/50.png,75684,259.428951
../../data/795_NYU_MITpaper_train_imgs_NO_CROP/all/51.png,75684,259.428951
../../data/795_NYU_MITpaper_train_imgs_NO_CROP/all/52.png,75684,259.428951
../../data/795_NYU_MITpaper_train_imgs_NO_CROP/all/53.png,75684,259.428951
../../data/795_NYU_MITpaper_train_imgs_NO_CROP/all/54.png,75684,259.428951
../../data/795_NYU_MITpaper_train_imgs_NO_CROP/all/55.png,75684,259.428951
../../data/795_NYU_MITpaper_train_imgs_NO_CROP/all/56.png,75684,259.428951
../../data/795_NYU_MITpaper_train_imgs_NO_CROP/all/57.png,75684,259.428951
../../data/795_NYU_MITpaper_train_imgs_NO_CROP/all/58.png,75684,259.428951
../../data/795_NYU_MITpaper_train_imgs_NO_CROP/all/59.png,75684,259.428951
../../data/795_NYU_MITpaper_train_imgs_NO_CROP/all/60.png,75684,259.428951
../../data/795_NYU_MITpaper_train_imgs_NO_CROP/all/61.png,75684,259.428951
../../data/795_NYU_MITpaper_train_imgs_NO_CROP/all/62.png,75684,259.428951
../../data/795_NYU_MITpaper_train_imgs_NO_CROP/all/63.png,75684,259.428951
../../data/795_NYU_MITpaper_train_imgs_NO_CROP/all/64.png,75684,259.428951
../../data/795_NYU_MITpaper_train_imgs_NO_CROP/all/65.png,75684,259.428951
../../data/795_NYU_MITpaper_train_imgs_NO_CROP/all/66.png,75684,259.428951
../../data/795_NYU_MITpaper_train_imgs_NO_CROP/all/67.png,75684,259.428951
../../data/795_NYU_MITpaper_train_imgs_NO_CROP/all/68.png,75684,259.428951
../../data/795_NYU_MITpaper_train_imgs_NO_CROP/all/69.png,75684,259.428951
../../data/795_NYU_MITpaper_train_imgs_NO_CROP/all/70.png,75684,259.428951
../../data/795_NYU_MITpaper_train_imgs_NO_CROP/all/71.png,75684,259.428951
../../data/795_NYU_MITpaper_train_imgs_NO_CROP/all/72.png,75684,259.428951
../../data/795_NYU_MITpaper_train_imgs_NO_CROP/all/73.png,75684,259.428951
../../data/795_NYU_MITpaper_train_imgs_NO_CROP/all/74.png,75684,259.428951
../../data/795_NYU_MITpaper_train_imgs_NO_CROP/all/75.png,75684,259.428951
../../data/795_NYU_MITpaper_train_imgs_NO_CROP/all/76.png,75684,259.428951
../../data/795_NYU_MITpaper_train_imgs_NO_CROP/all/77.png,75684,259.428951
../../data/795_NYU_MITpaper_train_imgs_NO_CROP/all/78.png,75684,259.428951
../../data/795_NYU_MITpaper_train_imgs_NO_CROP/all/79.png,75684,259.428951
../../data/795_NYU_MITpaper_train_imgs_NO_CROP/all/80.png,75684,259.428951
../../data/795_NYU_MITpaper_train_imgs_NO_CROP/all/81.png,75684,259.428951
../../data/795_NYU_MITpaper_train_imgs_NO_CROP/all/82.png,75684,259.428951
../../data/795_NYU_MITpaper_train_imgs_NO_CROP/all/83.png,75684,259.428951
../../data/795_NYU_MITpaper_train_imgs_NO_CROP/all/84.png,75684,259.428951
../../data/795_NYU_MITpaper_train_imgs_NO_CROP/all/85.png,75684,259.428951
../../data/795_NYU_MITpaper_train_imgs_NO_CROP/all/86.png,75684,259.428951
../../data/795_NYU_MITpaper_train_imgs_NO_CROP/all/87.png,75684,259.428951
../../data/795_NYU_MITpaper_train_imgs_NO_CROP/all/88.png,75684,259.428951
../../data/795_NYU_MITpaper_train_imgs_NO_CROP/all/89.png,75684,259.428951
../../data/795_NYU_MITpaper_train_imgs_NO_CROP/all/90.png,75684,259.428951
../../data/795_NYU_MITpaper_train_imgs_NO_CROP/all/91.png,75684,259.428951
../../data/795_NYU_MITpaper_train_imgs_NO_CROP/all/92.png,75684,259.428951
../../data/795_NYU_MITpaper_train_imgs_NO_CROP/all/93.png,75684,259.428951
../../data/795_NYU_MITpaper_train_imgs_NO_CROP/all/94.png,75684,259.428951
../../data/795_NYU_MITpaper_train_imgs_NO_CROP/all/95.png,75684,259.428951
../../data/795_NYU_MITpaper_train_imgs_NO_CROP/all/96.png,75684,259.428951
../../data/795_NYU_MITpaper_train_imgs_NO_CROP/all/97.png,75684,259.428951
../../data/795_NYU_MITpaper_train_imgs_NO_CROP/all/98.png,75684,259.428951
../../data/795_NYU_MITpaper_train_imgs_NO_CROP/all/100.png,75684,259.428951
../../data/795_NYU_MITpaper_train_imgs_NO_CROP/all/101.png,75684,259.428951
../../data/795_NYU_MITpaper_train_imgs_NO_CROP/all/102.png,75684,259.428951
../../data/795_NYU_MITpaper_train_imgs_NO_CROP/all/103.png,75684,259.428951
../../data/795_NYU_MITpaper_train_imgs_NO_CROP/all/104.png,75684,259.428951
../../data/795_NYU_MITpaper_train_imgs_NO_CROP/all/105.png,75684,259.428951
../../data/795_NYU_MITpaper_train_imgs_NO_CROP/all/106.png,75684,259.428951
../../data/795_NYU_MITpaper_train_imgs_NO_CROP/all/107.png,75684,259.428951
../../data/795_NYU_MITpaper_train_imgs_NO_CROP/all/108.png,75684,259.428951
../../data/795_NYU_MITpaper_train_imgs_NO_CROP/all/109.png,75684,259.428951
../../data/795_NYU_MITpaper_train_imgs_NO_CROP/all/110.png,75684,259.428951
../../data/795_NYU_MITpaper_train_imgs_NO_CROP/all/111.png,75684,259.428951
../../data/795_NYU_MITpaper_train_imgs_NO_CROP/all/112.png,75684,259.428951
../../data/795_NYU_MITpaper_train_imgs_NO_CROP/all/113.png,75684,259.428951
../../data/795_NYU_MITpaper_train_imgs_NO_CROP/all/114.png,75684,259.428951
../../data/795_NYU_MITpaper_train_imgs_NO_CROP/all/115.png,75684,259.428951
../../data/795_NYU_MITpaper_train_imgs_NO_CROP/all/116.png,75684,259.428951
../../data/795_NYU_MITpaper_train_imgs_NO_CROP/all/117.png,75684,259.428951
../../data/795_NYU_MITpaper_train_imgs_NO_CROP/all/118.png,75684,259.428951
../../data/795_NYU_MITpaper_train_imgs_NO_CROP/all/120.png,75684,259.428951
../../data/795_NYU_MITpaper_train_imgs_NO_CROP/all/121.png,75684,259.428951
../../data/795_NYU_MITpaper_train_imgs_NO_CROP/all/122.png,75684,259.428951
../../data/795_NYU_MITpaper_train_imgs_NO_CROP/all/123.png,75684,259.428951
../../data/795_NYU_MITpaper_train_imgs_NO_CROP/all/124.png,75684,259.428951
../../data/795_NYU_MITpaper_train_imgs_NO_CROP/all/125.png,75684,259.428951
../../data/795_NYU_MITpaper_train_imgs_NO_CROP/all/126.png,75684,259.428951
../../data/795_NYU_MITpaper_train_imgs_NO_CROP/all/127.png,75684,259.428951
../../data/795_NYU_MITpaper_train_imgs_NO_CROP/all/128.png,75684,259.428951
../../data/795_NYU_MITpaper_train_imgs_NO_CROP/all/129.png,75684,259.428951
../../data/795_NYU_MITpaper_train_imgs_NO_CROP/all/130.png,75684,259.428951
../../data/795_NYU_MITpaper_train_imgs_NO_CROP/all/131.png,75684,259.428951
../../data/795_NYU_MITpaper_train_imgs_NO_CROP/all/132.png,75684,259.428951
../../data/795_NYU_MITpaper_train_imgs_NO_CROP/all/133.png,75684,259.428951
../../data/795_NYU_MITpaper_train_imgs_NO_CROP/all/134.png,75684,259.428951
../../data/795_NYU_MITpaper_train_imgs_NO_CROP/all/135.png,75684,259.428951
../../data/795_NYU_MITpaper_train_imgs_NO_CROP/all/137.png,75684,259.428951
../../data/795_NYU_MITpaper_train_imgs_NO_CROP/all/138.png,75684,259.428951
../../data/795_NYU_MITpaper_train_imgs_NO_CROP/all/139.png,75684,259.428951
../../data/795_NYU_MITpaper_train_imgs_NO_CROP/all/140.png,75684,259.428951
../../data/795_NYU_MITpaper_train_imgs_NO_CROP/all/141.png,75684,259.428951
../../data/795_NYU_MITpaper_train_imgs_NO_CROP/all/142.png,75684,259.428951
../../data/795_NYU_MITpaper_train_imgs_NO_CROP/all/143.png,75684,259.428951
../../data/795_NYU_MITpaper_train_imgs_NO_CROP/all/144.png,75684,259.428951
../../data/795_NYU_MITpaper_train_imgs_NO_CROP/all/145.png,75684,259.428951
../../data/795_NYU_MITpaper_train_imgs_NO_CROP/all/146.png,75684,259.428951
../../data/795_NYU_MITpaper_train_imgs_NO_CROP/all/147.png,75684,259.428951
../../data/795_NYU_MITpaper_train_imgs_NO_CROP/all/148.png,75684,259.428951
../../data/795_NYU_MITpaper_train_imgs_NO_CROP/all/149.png,75684,259.428951
../../data/795_NYU_MITpaper_train_imgs_NO_CROP/all/150.png,75684,259.428951
../../data/795_NYU_MITpaper_train_imgs_NO_CROP/all/151.png,75684,259.428951
../../data/795_NYU_MITpaper_train_imgs_NO_CROP/all/152.png,75684,259.428951
../../data/795_NYU_MITpaper_train_imgs_NO_CROP/all/153.png,75684,259.428951
../../data/795_NYU_MITpaper_train_imgs_NO_CROP/all/154.png,75684,259.428951
../../data/795_NYU_MITpaper_train_imgs_NO_CROP/all/155.png,75684,259.428951
../../data/795_NYU_MITpaper_train_imgs_NO_CROP/all/156.png,75684,259.428951
../../data/795_NYU_MITpaper_train_imgs_NO_CROP/all/157.png,75684,259.428951
../../data/795_NYU_MITpaper_train_imgs_NO_CROP/all/158.png,75684,259.428951
../../data/795_NYU_MITpaper_train_imgs_NO_CROP/all/159.png,75684,259.428951
../../data/795_NYU_MITpaper_train_imgs_NO_CROP/all/160.png,75684,259.428951
../../data/795_NYU_MITpaper_train_imgs_NO_CROP/all/161.png,75684,259.428951
../../data/795_NYU_MITpaper_train_imgs_NO_CROP/all/162.png,75684,259.428951
../../data/795_NYU_MITpaper_train_imgs_NO_CROP/all/163.png,75684,259.428951
../../data/795_NYU_MITpaper_train_imgs_NO_CROP/all/164.png,75684,259.428951
../../data/795_NYU_MITpaper_train_imgs_NO_CROP/all/165.png,75684,259.428951
../../data/795_NYU_MITpaper_train_imgs_NO_CROP/all/166.png,75684,259.428951
../../data/795_NYU_MITpaper_train_imgs_NO_CROP/all/167.png,75684,259.428951
../../data/795_NYU_MITpaper_train_imgs_NO_CROP/all/168.png,75684,259.428951
../../data/795_NYU_MITpaper_train_imgs_NO_CROP/all/170.png,75684,259.428951
../../data/795_NYU_MITpaper_train_imgs_NO_CROP/all/172.png,75684,259.428951
../../data/795_NYU_MITpaper_train_imgs_NO_CROP/all/173.png,75684,259.428951
../../data/795_NYU_MITpaper_train_imgs_NO_CROP/all/174.png,75684,259.428951
../../data/795_NYU_MITpaper_train_imgs_NO_CROP/all/175.png,75684,259.428951
../../data/795_NYU_MITpaper_train_imgs_NO_CROP/all/176.png,75684,259.428951
../../data/795_NYU_MITpaper_train_imgs_NO_CROP/all/177.png,75684,259.428951
../../data/795_NYU_MITpaper_train_imgs_NO_CROP/all/178.png,75684,259.428951
../../data/795_NYU_MITpaper_train_imgs_NO_CROP/all/179.png,75684,259.428951
../../data/795_NYU_MITpaper_train_imgs_NO_CROP/all/180.png,75684,259.428951
../../data/795_NYU_MITpaper_train_imgs_NO_CROP/all/181.png,75684,259.428951
../../data/795_NYU_MITpaper_train_imgs_NO_CROP/all/182.png,75684,259.428951
../../data/795_NYU_MITpaper_train_imgs_NO_CROP/all/183.png,75684,259.428951
../../data/795_NYU_MITpaper_train_imgs_NO_CROP/all/184.png,75684,259.428951
../../data/795_NYU_MITpaper_train_imgs_NO_CROP/all/185.png,75684,259.428951
../../data/795_NYU_MITpaper_train_imgs_NO_CROP/all/187.png,75684,259.428951
../../data/795_NYU_MITpaper_train_imgs_NO_CROP/all/188.png,75684,259.428951
../../data/795_NYU_MITpaper_train_imgs_NO_CROP/all/190.png,75684,259.428951
../../data/795_NYU_MITpaper_train_imgs_NO_CROP/all/191.png,75684,259.428951
../../data/795_NYU_MITpaper_train_imgs_NO_CROP/all/192.png,75684,259.428951
../../data/795_NYU_MITpaper_train_imgs_NO_CROP/all/193.png,75684,259.428951
../../data/795_NYU_MITpaper_train_imgs_NO_CROP/all/194.png,75684,259.428951
../../data/795_NYU_MITpaper_train_imgs_NO_CROP/all/195.png,75684,259.428951
../../data/795_NYU_MITpaper_train_imgs_NO_CROP/all/196.png,75684,259.428951
../../data/795_NYU_MITpaper_train_imgs_NO_CROP/all/197.png,75684,259.428951
../../data/795_NYU_MITpaper_train_imgs_NO_CROP/all/198.png,75684,259.428951
../../data/795_NYU_MITpaper_train_imgs_NO_CROP/all/199.png,75684,259.428951
../../data/795_NYU_MITpaper_train_imgs_NO_CROP/all/200.png,75684,259.428951
../../data/795_NYU_MITpaper_train_imgs_NO_CROP/all/201.png,75684,259.428951
../../data/795_NYU_MITpaper_train_imgs_NO_CROP/all/202.png,75684,259.428951
../../data/795_NYU_MITpaper_train_imgs_NO_CROP/all/203.png,75684,259.428951
../../data/795_NYU_MITpaper_train_imgs_NO_CROP/all/204.png,75684,259.428951
../../data/795_NYU_MITpaper_train_imgs_NO_CROP/all/205.png,75684,259.428951
../../data/795_NYU_MITpaper_train_imgs_NO_CROP/all/206.png,75684,259.428951
../../data/795_NYU_MITpaper_train_imgs_NO_CROP/all/207.png,75684,259.428951
../../data/795_NYU_MITpaper_train_imgs_NO_CROP/all/208.png,75684,259.428951
../../data/795_NYU_MITpaper_train_imgs_NO_CROP/all/209.png,75684,259.428951
../../data/795_NYU_MITpaper_train_imgs_NO_CROP/all/210.png,75684,259.428951
../../data/795_NYU_MITpaper_train_imgs_NO_CROP/all/212.png,75684,259.428951
../../data/795_NYU_MITpaper_train_imgs_NO_CROP/all/213.png,75684,259.428951
../../data/795_NYU_MITpaper_train_imgs_NO_CROP/all/214.png,75684,259.428951
../../data/795_NYU_MITpaper_train_imgs_NO_CROP/all/215.png,75684,259.428951
../../data/795_NYU_MITpaper_train_imgs_NO_CROP/all/216.png,75684,259.428951
../../data/795_NYU_MITpaper_train_imgs_NO_CROP/all/217.png,75684,259.428951
../../data/795_NYU_MITpaper_train_imgs_NO_CROP/all/218.png,75684,259.428951
../../data/795_NYU_MITpaper_train_imgs_NO_CROP/all/219.png,75684,259.428951
../../data/795_NYU_MITpaper_train_imgs_NO_CROP/all/220.png,75684,259.428951
../../data/795_NYU_MITpaper_train_imgs_NO_CROP/all/221.png,75684,259.428951
../../data/795_NYU_MITpaper_train_imgs_NO_CROP/all/222.png,75684,259.428951
../../data/795_NYU_MITpaper_train_imgs_NO_CROP/all/223.png,75684,259.428951
../../data/795_NYU_MITpaper_train_imgs_NO_CROP/all/224.png,75684,259.428951
../../data/795_NYU_MITpaper_train_imgs_NO_CROP/all/225.png,75684,259.428951
../../data/795_NYU_MITpaper_train_imgs_NO_CROP/all/226.png,75684,259.428951
../../data/795_NYU_MITpaper_train_imgs_NO_CROP/all/227.png,75684,259.428951
../../data/795_NYU_MITpaper_train_imgs_NO_CROP/all/228.png,75684,259.428951
../../data/795_NYU_MITpaper_train_imgs_NO_CROP/all/229.png,75684,259.428951
../../data/795_NYU_MITpaper_train_imgs_NO_CROP/all/230.png,75684,259.428951
../../data/795_NYU_MITpaper_train_imgs_NO_CROP/all/231.png,75684,259.428951
../../data/795_NYU_MITpaper_train_imgs_NO_CROP/all/232.png,75684,259.428951
../../data/795_NYU_MITpaper_train_imgs_NO_CROP/all/233.png,75684,259.428951
../../data/795_NYU_MITpaper_train_imgs_NO_CROP/all/234.png,75684,259.428951
../../data/795_NYU_MITpaper_train_imgs_NO_CROP/all/235.png,75684,259.428951
../../data/795_NYU_MITpaper_train_imgs_NO_CROP/all/236.png,75684,259.428951
../../data/795_NYU_MITpaper_train_imgs_NO_CROP/all/237.png,75684,259.428951
../../data/795_NYU_MITpaper_train_imgs_NO_CROP/all/240.png,75684,259.428951
../../data/795_NYU_MITpaper_train_imgs_NO_CROP/all/241.png,75684,259.428951
../../data/795_NYU_MITpaper_train_imgs_NO_CROP/all/242.png,75684,259.428951
../../data/795_NYU_MITpaper_train_imgs_NO_CROP/all/243.png,75684,259.428951
../../data/795_NYU_MITpaper_train_imgs_NO_CROP/all/244.png,75684,259.428951
../../data/795_NYU_MITpaper_train_imgs_NO_CROP/all/245.png,75684,259.428951
../../data/795_NYU_MITpaper_train_imgs_NO_CROP/all/246.png,75684,259.428951
../../data/795_NYU_MITpaper_train_imgs_NO_CROP/all/247.png,75684,259.428951
../../data/795_NYU_MITpaper_train_imgs_NO_CROP/all/248.png,75684,259.428951
../../data/795_NYU_MITpaper_train_imgs_NO_CROP/all/249.png,75684,259.428951
../../data/795_NYU_MITpaper_train_imgs_NO_CROP/all/250.png,75684,259.428951
../../data/795_NYU_MITpaper_train_imgs_NO_CROP/all/251.png,75684,259.428951
../../data/795_NYU_MITpaper_train_imgs_NO_CROP/all/252.png,75684,259.428951
../../data/795_NYU_MITpaper_train_imgs_NO_CROP/all/253.png,75684,259.428951
../../data/795_NYU_MITpaper_train_imgs_NO_CROP/all/254.png,75684,259.428951
../../data/795_NYU_MITpaper_train_imgs_NO_CROP/all/255.png,75684,259.428951
../../data/795_NYU_MITpaper_train_imgs_NO_CROP/all/256.png,75684,259.428951
../../data/795_NYU_MITpaper_train_imgs_NO_CROP/all/257.png,75684,259.428951
../../data/795_NYU_MITpaper_train_imgs_NO_CROP/all/258.png,75684,259.428951
../../data/795_NYU_MITpaper_train_imgs_NO_CROP/all/259.png,75684,259.428951
../../data/795_NYU_MITpaper_train_imgs_NO_CROP/all/260.png,75684,259.428951
../../data/795_NYU_MITpaper_train_imgs_NO_CROP/all/261.png,75684,259.428951
../../data/795_NYU_MITpaper_train_imgs_NO_CROP/all/262.png,75684,259.428951
../../data/795_NYU_MITpaper_train_imgs_NO_CROP/all/263.png,75684,259.428951
../../data/795_NYU_MITpaper_train_imgs_NO_CROP/all/264.png,75684,259.428951
../../data/795_NYU_MITpaper_train_imgs_NO_CROP/all/265.png,75684,259.428951
../../data/795_NYU_MITpaper_train_imgs_NO_CROP/all/266.png,75684,259.428951
../../data/795_NYU_MITpaper_train_imgs_NO_CROP/all/267.png,75684,259.428951
../../data/795_NYU_MITpaper_train_imgs_NO_CROP/all/268.png,75684,259.428951
../../data/795_NYU_MITpaper_train_imgs_NO_CROP/all/269.png,75684,259.428951
../../data/795_NYU_MITpaper_train_imgs_NO_CROP/all/270.png,75684,259.428951
../../data/795_NYU_MITpaper_train_imgs_NO_CROP/all/271.png,75684,259.428951
../../data/795_NYU_MITpaper_train_imgs_NO_CROP/all/272.png,75684,259.428951
../../data/795_NYU_MITpaper_train_imgs_NO_CROP/all/273.png,75684,259.428951
../../data/795_NYU_MITpaper_train_imgs_NO_CROP/all/274.png,75684,259.428951
../../data/795_NYU_MITpaper_train_imgs_NO_CROP/all/275.png,75684,259.428951
../../data/795_NYU_MITpaper_train_imgs_NO_CROP/all/276.png,75684,259.428951
../../data/795_NYU_MITpaper_train_imgs_NO_CROP/all/277.png,75684,259.428951
../../data/795_NYU_MITpaper_train_imgs_NO_CROP/all/278.png,75684,259.428951
../../data/795_NYU_MITpaper_train_imgs_NO_CROP/all/279.png,75684,259.428951
../../data/795_NYU_MITpaper_train_imgs_NO_CROP/all/280.png,75684,259.428951
../../data/795_NYU_MITpaper_train_imgs_NO_CROP/all/281.png,75684,259.428951
../../data/795_NYU_MITpaper_train_imgs_NO_CROP/all/282.png,75684,259.428951
../../data/795_NYU_MITpaper_train_imgs_NO_CROP/all/283.png,75684,259.428951
../../data/795_NYU_MITpaper_train_imgs_NO_CROP/all/284.png,75684,259.428951
../../data/795_NYU_MITpaper_train_imgs_NO_CROP/all/285.png,75684,259.428951
../../data/795_NYU_MITpaper_train_imgs_NO_CROP/all/286.png,75684,259.428951
../../data/795_NYU_MITpaper_train_imgs_NO_CROP/all/287.png,75684,259.428951
../../data/795_NYU_MITpaper_train_imgs_NO_CROP/all/288.png,75684,259.428951
../../data/795_NYU_MITpaper_train_imgs_NO_CROP/all/289.png,75684,259.428951
../../data/795_NYU_MITpaper_train_imgs_NO_CROP/all/290.png,75684,259.428951
../../data/795_NYU_MITpaper_train_imgs_NO_CROP/all/291.png,75684,259.428951
../../data/795_NYU_MITpaper_train_imgs_NO_CROP/all/292.png,75684,259.428951
../../data/795_NYU_MITpaper_train_imgs_NO_CROP/all/293.png,75684,259.428951
../../data/795_NYU_MITpaper_train_imgs_NO_CROP/all/294.png,75684,259.428951
../../data/795_NYU_MITpaper_train_imgs_NO_CROP/all/295.png,75684,259.428951
../../data/795_NYU_MITpaper_train_imgs_NO_CROP/all/296.png,75684,259.428951
../../data/795_NYU_MITpaper_train_imgs_NO_CROP/all/297.png,75684,259.428951
../../data/795_NYU_MITpaper_train_imgs_NO_CROP/all/298.png,75684,259.428951
../../data/795_NYU_MITpaper_train_imgs_NO_CROP/all/299.png,75684,259.428951
../../data/795_NYU_MITpaper_train_imgs_NO_CROP/all/300.png,75684,259.428951
../../data/795_NYU_MITpaper_train_imgs_NO_CROP/all/301.png,75684,259.428951
../../data/795_NYU_MITpaper_train_imgs_NO_CROP/all/302.png,75684,259.428951
../../data/795_NYU_MITpaper_train_imgs_NO_CROP/all/303.png,75684,259.428951
../../data/795_NYU_MITpaper_train_imgs_NO_CROP/all/304.png,75684,259.428951
../../data/795_NYU_MITpaper_train_imgs_NO_CROP/all/305.png,75684,259.428951
../../data/795_NYU_MITpaper_train_imgs_NO_CROP/all/306.png,75684,259.428951
../../data/795_NYU_MITpaper_train_imgs_NO_CROP/all/307.png,75684,259.428951
../../data/795_NYU_MITpaper_train_imgs_NO_CROP/all/308.png,75684,259.428951
../../data/795_NYU_MITpaper_train_imgs_NO_CROP/all/309.png,75684,259.428951
../../data/795_NYU_MITpaper_train_imgs_NO_CROP/all/310.png,75684,259.428951
../../data/795_NYU_MITpaper_train_imgs_NO_CROP/all/311.png,75684,259.428951
../../data/795_NYU_MITpaper_train_imgs_NO_CROP/all/312.png,75684,259.428951
../../data/795_NYU_MITpaper_train_imgs_NO_CROP/all/313.png,75684,259.428951
../../data/795_NYU_MITpaper_train_imgs_NO_CROP/all/314.png,75684,259.428951
../../data/795_NYU_MITpaper_train_imgs_NO_CROP/all/315.png,75684,259.428951
../../data/795_NYU_MITpaper_train_imgs_NO_CROP/all/316.png,75684,259.428951
../../data/795_NYU_MITpaper_train_imgs_NO_CROP/all/317.png,75684,259.428951
../../data/795_NYU_MITpaper_train_imgs_NO_CROP/all/318.png,75684,259.428951
../../data/795_NYU_MITpaper_train_imgs_NO_CROP/all/319.png,75684,259.428951
../../data/795_NYU_MITpaper_train_imgs_NO_CROP/all/320.png,75684,259.428951
../../data/795_NYU_MITpaper_train_imgs_NO_CROP/all/321.png,75684,259.428951
../../data/795_NYU_MITpaper_train_imgs_NO_CROP/all/322.png,75684,259.428951
../../data/795_NYU_MITpaper_train_imgs_NO_CROP/all/323.png,75684,259.428951
../../data/795_NYU_MITpaper_train_imgs_NO_CROP/all/324.png,75684,259.428951
../../data/795_NYU_MITpaper_train_imgs_NO_CROP/all/325.png,75684,259.428951
../../data/795_NYU_MITpaper_train_imgs_NO_CROP/all/327.png,75684,259.428951
../../data/795_NYU_MITpaper_train_imgs_NO_CROP/all/328.png,75684,259.428951
../../data/795_NYU_MITpaper_train_imgs_NO_CROP/all/329.png,75684,259.428951
../../data/795_NYU_MITpaper_train_imgs_NO_CROP/all/330.png,75684,259.428951
../../data/795_NYU_MITpaper_train_imgs_NO_CROP/all/331.png,75684,259.428951
../../data/795_NYU_MITpaper_train_imgs_NO_CROP/all/332.png,75684,259.428951
../../data/795_NYU_MITpaper_train_imgs_NO_CROP/all/333.png,75684,259.428951
../../data/795_NYU_MITpaper_train_imgs_NO_CROP/all/334.png,75684,259.428951
../../data/795_NYU_MITpaper_train_imgs_NO_CROP/all/335.png,75684,259.428951
../../data/795_NYU_MITpaper_train_imgs_NO_CROP/all/336.png,75684,259.428951
../../data/795_NYU_MITpaper_train_imgs_NO_CROP/all/337.png,75684,259.428951
../../data/795_NYU_MITpaper_train_imgs_NO_CROP/all/339.png,75684,259.428951
../../data/795_NYU_MITpaper_train_imgs_NO_CROP/all/340.png,75684,259.428951
../../data/795_NYU_MITpaper_train_imgs_NO_CROP/all/341.png,75684,259.428951
../../data/795_NYU_MITpaper_train_imgs_NO_CROP/all/342.png,75684,259.428951
../../data/795_NYU_MITpaper_train_imgs_NO_CROP/all/343.png,75684,259.428951
../../data/795_NYU_MITpaper_train_imgs_NO_CROP/all/344.png,75684,259.428951
../../data/795_NYU_MITpaper_train_imgs_NO_CROP/all/345.png,75684,259.428951
../../data/795_NYU_MITpaper_train_imgs_NO_CROP/all/346.png,75684,259.428951
../../data/795_NYU_MITpaper_train_imgs_NO_CROP/all/347.png,75684,259.428951
../../data/795_NYU_MITpaper_train_imgs_NO_CROP/all/348.png,75684,259.428951
../../data/795_NYU_MITpaper_train_imgs_NO_CROP/all/349.png,75684,259.428951
../../data/795_NYU_MITpaper_train_imgs_NO_CROP/all/350.png,75684,259.428951
../../data/795_NYU_MITpaper_train_imgs_NO_CROP/all/351.png,75684,259.428951
../../data/795_NYU_MITpaper_train_imgs_NO_CROP/all/352.png,75684,259.428951
../../data/795_NYU_MITpaper_train_imgs_NO_CROP/all/353.png,75684,259.428951
../../data/795_NYU_MITpaper_train_imgs_NO_CROP/all/355.png,75684,259.428951
../../data/795_NYU_MITpaper_train_imgs_NO_CROP/all/356.png,75684,259.428951
../../data/795_NYU_MITpaper_train_imgs_NO_CROP/all/357.png,75684,259.428951
../../data/795_NYU_MITpaper_train_imgs_NO_CROP/all/358.png,75684,259.428951
../../data/795_NYU_MITpaper_train_imgs_NO_CROP/all/359.png,75684,259.428951
../../data/795_NYU_MITpaper_train_imgs_NO_CROP/all/361.png,75684,259.428951
../../data/795_NYU_MITpaper_train_imgs_NO_CROP/all/362.png,75684,259.428951
../../data/795_NYU_MITpaper_train_imgs_NO_CROP/all/363.png,75684,259.428951
../../data/795_NYU_MITpaper_train_imgs_NO_CROP/all/364.png,75684,259.428951
../../data/795_NYU_MITpaper_train_imgs_NO_CROP/all/366.png,75684,259.428951
../../data/795_NYU_MITpaper_train_imgs_NO_CROP/all/367.png,75684,259.428951
../../data/795_NYU_MITpaper_train_imgs_NO_CROP/all/368.png,75684,259.428951
../../data/795_NYU_MITpaper_train_imgs_NO_CROP/all/369.png,75684,259.428951
../../data/795_NYU_MITpaper_train_imgs_NO_CROP/all/370.png,75684,259.428951
../../data/795_NYU_MITpaper_train_imgs_NO_CROP/all/371.png,75684,259.428951
../../data/795_NYU_MITpaper_train_imgs_NO_CROP/all/372.png,75684,259.428951
../../data/795_NYU_MITpaper_train_imgs_NO_CROP/all/373.png,75684,259.428951
../../data/795_NYU_MITpaper_train_imgs_NO_CROP/all/375.png,75684,259.428951
../../data/795_NYU_MITpaper_train_imgs_NO_CROP/all/376.png,75684,259.428951
../../data/795_NYU_MITpaper_train_imgs_NO_CROP/all/377.png,75684,259.428951
../../data/795_NYU_MITpaper_train_imgs_NO_CROP/all/378.png,75684,259.428951
../../data/795_NYU_MITpaper_train_imgs_NO_CROP/all/379.png,75684,259.428951
../../data/795_NYU_MITpaper_train_imgs_NO_CROP/all/380.png,75684,259.428951
../../data/795_NYU_MITpaper_train_imgs_NO_CROP/all/381.png,75684,259.428951
../../data/795_NYU_MITpaper_train_imgs_NO_CROP/all/382.png,75684,259.428951
../../data/795_NYU_MITpaper_train_imgs_NO_CROP/all/383.png,75684,259.428951
../../data/795_NYU_MITpaper_train_imgs_NO_CROP/all/384.png,75684,259.428951
../../data/795_NYU_MITpaper_train_imgs_NO_CROP/all/385.png,75684,259.428951
../../data/795_NYU_MITpaper_train_imgs_NO_CROP/all/386.png,75684,259.428951
../../data/795_NYU_MITpaper_train_imgs_NO_CROP/all/387.png,75684,259.428951
../../data/795_NYU_MITpaper_train_imgs_NO_CROP/all/388.png,75684,259.428951
../../data/795_NYU_MITpaper_train_imgs_NO_CROP/all/389.png,75684,259.428951
../../data/795_NYU_MITpaper_train_imgs_NO_CROP/all/391.png,75684,259.428951
../../data/795_NYU_MITpaper_train_imgs_NO_CROP/all/392.png,75684,259.428951
../../data/795_NYU_MITpaper_train_imgs_NO_CROP/all/393.png,75684,259.428951
../../data/795_NYU_MITpaper_train_imgs_NO_CROP/all/394.png,75684,259.428951
../../data/795_NYU_MITpaper_train_imgs_NO_CROP/all/395.png,75684,259.428951
../../data/795_NYU_MITpaper_train_imgs_NO_CROP/all/396.png,75684,259.428951
../../data/795_NYU_MITpaper_train_imgs_NO_CROP/all/397.png,75684,259.428951
../../data/795_NYU_MITpaper_train_imgs_NO_CROP/all/398.png,75684,259.428951
../../data/795_NYU_MITpaper_train_imgs_NO_CROP/all/400.png,75684,259.428951
../../data/795_NYU_MITpaper_train_imgs_NO_CROP/all/401.png,75684,259.428951
../../data/795_NYU_MITpaper_train_imgs_NO_CROP/all/402.png,75684,259.428951
../../data/795_NYU_MITpaper_train_imgs_NO_CROP/all/403.png,75684,259.428951
../../data/795_NYU_MITpaper_train_imgs_NO_CROP/all/404.png,75684,259.428951
../../data/795_NYU_MITpaper_train_imgs_NO_CROP/all/405.png,75684,259.428951
../../data/795_NYU_MITpaper_train_imgs_NO_CROP/all/406.png,75684,259.428951
../../data/795_NYU_MITpaper_train_imgs_NO_CROP/all/407.png,75684,259.428951
../../data/795_NYU_MITpaper_train_imgs_NO_CROP/all/408.png,75684,259.428951
../../data/795_NYU_MITpaper_train_imgs_NO_CROP/all/409.png,75684,259.428951
../../data/795_NYU_MITpaper_train_imgs_NO_CROP/all/410.png,75684,259.428951
../../data/795_NYU_MITpaper_train_imgs_NO_CROP/all/411.png,75684,259.428951
../../data/795_NYU_MITpaper_train_imgs_NO_CROP/all/412.png,75684,259.428951
../../data/795_NYU_MITpaper_train_imgs_NO_CROP/all/413.png,75684,259.428951
../../data/795_NYU_MITpaper_train_imgs_NO_CROP/all/414.png,75684,259.428951
../../data/795_NYU_MITpaper_train_imgs_NO_CROP/all/415.png,75684,259.428951
../../data/795_NYU_MITpaper_train_imgs_NO_CROP/all/416.png,75684,259.428951
../../data/795_NYU_MITpaper_train_imgs_NO_CROP/all/417.png,75684,259.428951
../../data/795_NYU_MITpaper_train_imgs_NO_CROP/all/419.png,75684,259.428951
../../data/795_NYU_MITpaper_train_imgs_NO_CROP/all/420.png,75684,259.428951
../../data/795_NYU_MITpaper_train_imgs_NO_CROP/all/421.png,75684,259.428951
../../data/795_NYU_MITpaper_train_imgs_NO_CROP/all/422.png,75684,259.428951
../../data/795_NYU_MITpaper_train_imgs_NO_CROP/all/423.png,75684,259.428951
../../data/795_NYU_MITpaper_train_imgs_NO_CROP/all/424.png,75684,259.428951
../../data/795_NYU_MITpaper_train_imgs_NO_CROP/all/426.png,75684,259.428951
../../data/795_NYU_MITpaper_train_imgs_NO_CROP/all/427.png,75684,259.428951
../../data/795_NYU_MITpaper_train_imgs_NO_CROP/all/428.png,75684,259.428951
../../data/795_NYU_MITpaper_train_imgs_NO_CROP/all/429.png,75684,259.428951
../../data/795_NYU_MITpaper_train_imgs_NO_CROP/all/430.png,75684,259.428951
../../data/795_NYU_MITpaper_train_imgs_NO_CROP/all/431.png,75684,259.428951
../../data/795_NYU_MITpaper_train_imgs_NO_CROP/all/432.png,75684,259.428951
../../data/795_NYU_MITpaper_train_imgs_NO_CROP/all/433.png,75684,259.428951
../../data/795_NYU_MITpaper_train_imgs_NO_CROP/all/434.png,75684,259.428951
../../data/795_NYU_MITpaper_train_imgs_NO_CROP/all/435.png,75684,259.428951
../../data/795_NYU_MITpaper_train_imgs_NO_CROP/all/436.png,75684,259.428951
../../data/795_NYU_MITpaper_train_imgs_NO_CROP/all/437.png,75684,259.428951
../../data/795_NYU_MITpaper_train_imgs_NO_CROP/all/438.png,75684,259.428951
../../data/795_NYU_MITpaper_train_imgs_NO_CROP/all/439.png,75684,259.428951
../../data/795_NYU_MITpaper_train_imgs_NO_CROP/all/441.png,75684,259.428951
../../data/795_NYU_MITpaper_train_imgs_NO_CROP/all/442.png,75684,259.428951
../../data/795_NYU_MITpaper_train_imgs_NO_CROP/all/443.png,75684,259.428951
../../data/795_NYU_MITpaper_train_imgs_NO_CROP/all/444.png,75684,259.428951
../../data/795_NYU_MITpaper_train_imgs_NO_CROP/all/445.png,75684,259.428951
../../data/795_NYU_MITpaper_train_imgs_NO_CROP/all/446.png,75684,259.428951
../../data/795_NYU_MITpaper_train_imgs_NO_CROP/all/447.png,75684,259.428951
../../data/795_NYU_MITpaper_train_imgs_NO_CROP/all/448.png,75684,259.428951
../../data/795_NYU_MITpaper_train_imgs_NO_CROP/all/449.png,75684,259.428951
../../data/795_NYU_MITpaper_train_imgs_NO_CROP/all/450.png,75684,259.428951
../../data/795_NYU_MITpaper_train_imgs_NO_CROP/all/451.png,75684,259.428951
../../data/795_NYU_MITpaper_train_imgs_NO_CROP/all/452.png,75684,259.428951
../../data/795_NYU_MITpaper_train_imgs_NO_CROP/all/453.png,75684,259.428951
../../data/795_NYU_MITpaper_train_imgs_NO_CROP/all/454.png,75684,259.428951
../../data/795_NYU_MITpaper_train_imgs_NO_CROP/all/455.png,75684,259.428951
../../data/795_NYU_MITpaper_train_imgs_NO_CROP/all/456.png,75684,259.428951
../../data/795_NYU_MITpaper_train_imgs_NO_CROP/all/457.png,75684,259.428951
../../data/795_NYU_MITpaper_train_imgs_NO_CROP/all/458.png,75684,259.428951
../../data/795_NYU_MITpaper_train_imgs_NO_CROP/all/459.png,75684,259.428951
../../data/795_NYU_MITpaper_train_imgs_NO_CROP/all/461.png,75684,259.428951
../../data/795_NYU_MITpaper_train_imgs_NO_CROP/all/462.png,75684,259.428951
../../data/795_NYU_MITpaper_train_imgs_NO_CROP/all/463.png,75684,259.428951
../../data/795_NYU_MITpaper_train_imgs_NO_CROP/all/464.png,75684,259.428951
../../data/795_NYU_MITpaper_train_imgs_NO_CROP/all/466.png,75684,259.428951
../../data/795_NYU_MITpaper_train_imgs_NO_CROP/all/467.png,75684,259.428951
../../data/795_NYU_MITpaper_train_imgs_NO_CROP/all/468.png,75684,259.428951
../../data/795_NYU_MITpaper_train_imgs_NO_CROP/all/469.png,75684,259.428951
../../data/795_NYU_MITpaper_train_imgs_NO_CROP/all/470.png,75684,259.428951
../../data/795_NYU_MITpaper_train_imgs_NO_CROP/all/471.png,75684,259.428951
../../data/795_NYU_MITpaper_train_imgs_NO_CROP/all/473.png,75684,259.428951
../../data/795_NYU_MITpaper_train_imgs_NO_CROP/all/474.png,75684,259.428951
../../data/795_NYU_MITpaper_train_imgs_NO_CROP/all/475.png,75684,259.428951
../../data/795_NYU_MITpaper_train_imgs_NO_CROP/all/476.png,75684,259.428951
../../data/795_NYU_MITpaper_train_imgs_NO_CROP/all/477.png,75684,259.428951
../../data/795_NYU_MITpaper_train_imgs_NO_CROP/all/478.png,75684,259.428951
../../data/795_NYU_MITpaper_train_imgs_NO_CROP/all/479.png,75684,259.428951
../../data/795_NYU_MITpaper_train_imgs_NO_CROP/all/480.png,75684,259.428951
../../data/795_NYU_MITpaper_train_imgs_NO_CROP/all/481.png,75684,259.428951
../../data/795_NYU_MITpaper_train_imgs_NO_CROP/all/482.png,75684,259.428951
../../data/795_NYU_MITpaper_train_imgs_NO_CROP/all/483.png,75684,259.428951
../../data/795_NYU_MITpaper_train_imgs_NO_CROP/all/484.png,75684,259.428951
../../data/795_NYU_MITpaper_train_imgs_NO_CROP/all/485.png,75684,259.428951
../../data/795_NYU_MITpaper_train_imgs_NO_CROP/all/486.png,75684,259.428951
../../data/795_NYU_MITpaper_train_imgs_NO_CROP/all/488.png,75684,259.428951
../../data/795_NYU_MITpaper_train_imgs_NO_CROP/all/489.png,75684,259.428951
../../data/795_NYU_MITpaper_train_imgs_NO_CROP/all/490.png,75684,259.428951
../../data/795_NYU_MITpaper_train_imgs_NO_CROP/all/491.png,75684,259.428951
../../data/795_NYU_MITpaper_train_imgs_NO_CROP/all/492.png,75684,259.428951
../../data/795_NYU_MITpaper_train_imgs_NO_CROP/all/494.png,75684,259.428951
../../data/795_NYU_MITpaper_train_imgs_NO_CROP/all/495.png,75684,259.428951
../../data/795_NYU_MITpaper_train_imgs_NO_CROP/all/496.png,75684,259.428951
../../data/795_NYU_MITpaper_train_imgs_NO_CROP/all/497.png,75684,259.428951
../../data/795_NYU_MITpaper_train_imgs_NO_CROP/all/498.png,75684,259.428951
../../data/795_NYU_MITpaper_train_imgs_NO_CROP/all/499.png,75684,259.428951
../../data/795_NYU_MITpaper_train_imgs_NO_CROP/all/500.png,75684,259.428951
../../data/795_NYU_MITpaper_train_imgs_NO_CROP/all/501.png,75684,259.428951
../../data/795_NYU_MITpaper_train_imgs_NO_CROP/all/502.png,75684,259.428951
../../data/795_NYU_MITpaper_train_imgs_NO_CROP/all/503.png,75684,259.428951
../../data/795_NYU_MITpaper_train_imgs_NO_CROP/all/504.png,75684,259.428951
../../data/795_NYU_MITpaper_train_imgs_NO_CROP/all/505.png,75684,259.428951
../../data/795_NYU_MITpaper_train_imgs_NO_CROP/all/506.png,75684,259.428951
../../data/795_NYU_MITpaper_train_imgs_NO_CROP/all/507.png,75684,259.428951
../../data/795_NYU_MITpaper_train_imgs_NO_CROP/all/508.png,75684,259.428951
../../data/795_NYU_MITpaper_train_imgs_NO_CROP/all/509.png,75684,259.428951
../../data/795_NYU_MITpaper_train_imgs_NO_CROP/all/510.png,75684,259.428951
../../data/795_NYU_MITpaper_train_imgs_NO_CROP/all/511.png,75684,259.428951
../../data/795_NYU_MITpaper_train_imgs_NO_CROP/all/512.png,75684,259.428951
../../data/795_NYU_MITpaper_train_imgs_NO_CROP/all/513.png,75684,259.428951
../../data/795_NYU_MITpaper_train_imgs_NO_CROP/all/514.png,75684,259.428951
../../data/795_NYU_MITpaper_train_imgs_NO_CROP/all/515.png,75684,259.428951
../../data/795_NYU_MITpaper_train_imgs_NO_CROP/all/516.png,75684,259.428951
../../data/795_NYU_MITpaper_train_imgs_NO_CROP/all/517.png,75684,259.428951
../../data/795_NYU_MITpaper_train_imgs_NO_CROP/all/518.png,75684,259.428951
../../data/795_NYU_MITpaper_train_imgs_NO_CROP/all/519.png,75684,259.428951
../../data/795_NYU_MITpaper_train_imgs_NO_CROP/all/520.png,75684,259.428951
../../data/795_NYU_MITpaper_train_imgs_NO_CROP/all/521.png,75684,259.428951
../../data/795_NYU_MITpaper_train_imgs_NO_CROP/all/522.png,75684,259.428951
../../data/795_NYU_MITpaper_train_imgs_NO_CROP/all/523.png,75684,259.428951
../../data/795_NYU_MITpaper_train_imgs_NO_CROP/all/524.png,75684,259.428951
../../data/795_NYU_MITpaper_train_imgs_NO_CROP/all/525.png,75684,259.428951
../../data/795_NYU_MITpaper_train_imgs_NO_CROP/all/526.png,75684,259.428951
../../data/795_NYU_MITpaper_train_imgs_NO_CROP/all/528.png,75684,259.428951
../../data/795_NYU_MITpaper_train_imgs_NO_CROP/all/529.png,75684,259.428951
../../data/795_NYU_MITpaper_train_imgs_NO_CROP/all/530.png,75684,259.428951
../../data/795_NYU_MITpaper_train_imgs_NO_CROP/all/531.png,75684,259.428951
../../data/795_NYU_MITpaper_train_imgs_NO_CROP/all/532.png,75684,259.428951
../../data/795_NYU_MITpaper_train_imgs_NO_CROP/all/533.png,75684,259.428951
../../data/795_NYU_MITpaper_train_imgs_NO_CROP/all/534.png,75684,259.428951
../../data/795_NYU_MITpaper_train_imgs_NO_CROP/all/535.png,75684,259.428951
../../data/795_NYU_MITpaper_train_imgs_NO_CROP/all/536.png,75684,259.428951
../../data/795_NYU_MITpaper_train_imgs_NO_CROP/all/537.png,75684,259.428951
../../data/795_NYU_MITpaper_train_imgs_NO_CROP/all/538.png,75684,259.428951
../../data/795_NYU_MITpaper_train_imgs_NO_CROP/all/539.png,75684,259.428951
../../data/795_NYU_MITpaper_train_imgs_NO_CROP/all/540.png,75684,259.428951
../../data/795_NYU_MITpaper_train_imgs_NO_CROP/all/541.png,75684,259.428951
../../data/795_NYU_MITpaper_train_imgs_NO_CROP/all/542.png,75684,259.428951
../../data/795_NYU_MITpaper_train_imgs_NO_CROP/all/544.png,75684,259.428951
../../data/795_NYU_MITpaper_train_imgs_NO_CROP/all/545.png,75684,259.428951
../../data/795_NYU_MITpaper_train_imgs_NO_CROP/all/546.png,75684,259.428951
../../data/795_NYU_MITpaper_train_imgs_NO_CROP/all/547.png,75684,259.428951
../../data/795_NYU_MITpaper_train_imgs_NO_CROP/all/548.png,75684,259.428951
../../data/795_NYU_MITpaper_train_imgs_NO_CROP/all/549.png,75684,259.428951
../../data/795_NYU_MITpaper_train_imgs_NO_CROP/all/550.png,75684,259.428951
../../data/795_NYU_MITpaper_train_imgs_NO_CROP/all/551.png,75684,259.428951
../../data/795_NYU_MITpaper_train_imgs_NO_CROP/all/552.png,75684,259.428951
../../data/795_NYU_MITpaper_train_imgs_NO_CROP/all/553.png,75684,259.428951
../../data/795_NYU_MITpaper_train_imgs_NO_CROP/all/554.png,75684,259.428951
../../data/795_NYU_MITpaper_train_imgs_NO_CROP/all/555.png,75684,259.428951
../../data/795_NYU_MITpaper_train_imgs_NO_CROP/all/556.png,75684,259.428951
../../data/795_NYU_MITpaper_train_imgs_NO_CROP/all/557.png,75684,259.428951
../../data/795_NYU_MITpaper_train_imgs_NO_CROP/all/558.png,75684,259.428951
../../data/795_NYU_MITpaper_train_imgs_NO_CROP/all/559.png,75684,259.428951
../../data/795_NYU_MITpaper_train_imgs_NO_CROP/all/560.png,75684,259.428951
../../data/795_NYU_MITpaper_train_imgs_NO_CROP/all/561.png,75684,259.428951
../../data/795_NYU_MITpaper_train_imgs_NO_CROP/all/562.png,75684,259.428951
../../data/795_NYU_MITpaper_train_imgs_NO_CROP/all/563.png,75684,259.428951
../../data/795_NYU_MITpaper_train_imgs_NO_CROP/all/564.png,75684,259.428951
../../data/795_NYU_MITpaper_train_imgs_NO_CROP/all/565.png,75684,259.428951
../../data/795_NYU_MITpaper_train_imgs_NO_CROP/all/566.png,75684,259.428951
../../data/795_NYU_MITpaper_train_imgs_NO_CROP/all/567.png,75684,259.428951
../../data/795_NYU_MITpaper_train_imgs_NO_CROP/all/568.png,75684,259.428951
../../data/795_NYU_MITpaper_train_imgs_NO_CROP/all/569.png,75684,259.428951
../../data/795_NYU_MITpaper_train_imgs_NO_CROP/all/570.png,75684,259.428951
../../data/795_NYU_MITpaper_train_imgs_NO_CROP/all/571.png,75684,259.428951
../../data/795_NYU_MITpaper_train_imgs_NO_CROP/all/572.png,75684,259.428951
../../data/795_NYU_MITpaper_train_imgs_NO_CROP/all/573.png,75684,259.428951
../../data/795_NYU_MITpaper_train_imgs_NO_CROP/all/574.png,75684,259.428951
../../data/795_NYU_MITpaper_train_imgs_NO_CROP/all/575.png,75684,259.428951
../../data/795_NYU_MITpaper_train_imgs_NO_CROP/all/576.png,75684,259.428951
../../data/795_NYU_MITpaper_train_imgs_NO_CROP/all/577.png,75684,259.428951
../../data/795_NYU_MITpaper_train_imgs_NO_CROP/all/578.png,75684,259.428951
../../data/795_NYU_MITpaper_train_imgs_NO_CROP/all/579.png,75684,259.428951
../../data/795_NYU_MITpaper_train_imgs_NO_CROP/all/580.png,75684,259.428951
../../data/795_NYU_MITpaper_train_imgs_NO_CROP/all/581.png,75684,259.428951
../../data/795_NYU_MITpaper_train_imgs_NO_CROP/all/582.png,75684,259.428951
../../data/795_NYU_MITpaper_train_imgs_NO_CROP/all/583.png,75684,259.428951
../../data/795_NYU_MITpaper_train_imgs_NO_CROP/all/584.png,75684,259.428951
../../data/795_NYU_MITpaper_train_imgs_NO_CROP/all/585.png,75684,259.428951
../../data/795_NYU_MITpaper_train_imgs_NO_CROP/all/586.png,75684,259.428951
../../data/795_NYU_MITpaper_train_imgs_NO_CROP/all/587.png,75684,259.428951
../../data/795_NYU_MITpaper_train_imgs_NO_CROP/all/588.png,75684,259.428951
../../data/795_NYU_MITpaper_train_imgs_NO_CROP/all/589.png,75684,259.428951
../../data/795_NYU_MITpaper_train_imgs_NO_CROP/all/590.png,75684,259.428951
../../data/795_NYU_MITpaper_train_imgs_NO_CROP/all/591.png,75684,259.428951
../../data/795_NYU_MITpaper_train_imgs_NO_CROP/all/592.png,75684,259.428951
../../data/795_NYU_MITpaper_train_imgs_NO_CROP/all/593.png,75684,259.428951
../../data/795_NYU_MITpaper_train_imgs_NO_CROP/all/594.png,75684,259.428951
../../data/795_NYU_MITpaper_train_imgs_NO_CROP/all/595.png,75684,259.428951
../../data/795_NYU_MITpaper_train_imgs_NO_CROP/all/596.png,75684,259.428951
../../data/795_NYU_MITpaper_train_imgs_NO_CROP/all/597.png,75684,259.428951
../../data/795_NYU_MITpaper_train_imgs_NO_CROP/all/599.png,75684,259.428951
../../data/795_NYU_MITpaper_train_imgs_NO_CROP/all/600.png,75684,259.428951
../../data/795_NYU_MITpaper_train_imgs_NO_CROP/all/601.png,75684,259.428951
../../data/795_NYU_MITpaper_train_imgs_NO_CROP/all/602.png,75684,259.428951
../../data/795_NYU_MITpaper_train_imgs_NO_CROP/all/603.png,75684,259.428951
../../data/795_NYU_MITpaper_train_imgs_NO_CROP/all/604.png,75684,259.428951
../../data/795_NYU_MITpaper_train_imgs_NO_CROP/all/606.png,75684,259.428951
../../data/795_NYU_MITpaper_train_imgs_NO_CROP/all/607.png,75684,259.428951
../../data/795_NYU_MITpaper_train_imgs_NO_CROP/all/608.png,75684,259.428951
../../data/795_NYU_MITpaper_train_imgs_NO_CROP/all/609.png,75684,259.428951
../../data/795_NYU_MITpaper_train_imgs_NO_CROP/all/610.png,75684,259.428951
../../data/795_NYU_MITpaper_train_imgs_NO_CROP/all/611.png,75684,259.428951
../../data/795_NYU_MITpaper_train_imgs_NO_CROP/all/612.png,75684,259.428951
../../data/795_NYU_MITpaper_train_imgs_NO_CROP/all/613.png,75684,259.428951
../../data/795_NYU_MITpaper_train_imgs_NO_CROP/all/614.png,75684,259.428951
../../data/795_NYU_MITpaper_train_imgs_NO_CROP/all/615.png,75684,259.428951
../../data/795_NYU_MITpaper_train_imgs_NO_CROP/all/616.png,75684,259.428951
../../data/795_NYU_MITpaper_train_imgs_NO_CROP/all/617.png,75684,259.428951
../../data/795_NYU_MITpaper_train_imgs_NO_CROP/all/618.png,75684,259.428951
../../data/795_NYU_MITpaper_train_imgs_NO_CROP/all/619.png,75684,259.428951
../../data/795_NYU_MITpaper_train_imgs_NO_CROP/all/620.png,75684,259.428951
../../data/795_NYU_MITpaper_train_imgs_NO_CROP/all/621.png,75684,259.428951
../../data/795_NYU_MITpaper_train_imgs_NO_CROP/all/622.png,75684,259.428951
../../data/795_NYU_MITpaper_train_imgs_NO_CROP/all/623.png,75684,259.428951
../../data/795_NYU_MITpaper_train_imgs_NO_CROP/all/625.png,75684,259.428951
../../data/795_NYU_MITpaper_train_imgs_NO_CROP/all/626.png,75684,259.428951
../../data/795_NYU_MITpaper_train_imgs_NO_CROP/all/627.png,75684,259.428951
../../data/795_NYU_MITpaper_train_imgs_NO_CROP/all/629.png,75684,259.428951
../../data/795_NYU_MITpaper_train_imgs_NO_CROP/all/630.png,75684,259.428951
../../data/795_NYU_MITpaper_train_imgs_NO_CROP/all/631.png,75684,259.428951
../../data/795_NYU_MITpaper_train_imgs_NO_CROP/all/632.png,75684,259.428951
../../data/795_NYU_MITpaper_train_imgs_NO_CROP/all/633.png,75684,259.428951
../../data/795_NYU_MITpaper_train_imgs_NO_CROP/all/634.png,75684,259.428951
../../data/795_NYU_MITpaper_train_imgs_NO_CROP/all/635.png,75684,259.428951
../../data/795_NYU_MITpaper_train_imgs_NO_CROP/all/636.png,75684,259.428951
../../data/795_NYU_MITpaper_train_imgs_NO_CROP/all/637.png,75684,259.428951
../../data/795_NYU_MITpaper_train_imgs_NO_CROP/all/638.png,75684,259.428951
../../data/795_NYU_MITpaper_train_imgs_NO_CROP/all/639.png,75684,259.428951
../../data/795_NYU_MITpaper_train_imgs_NO_CROP/all/641.png,75684,259.428951
../../data/795_NYU_MITpaper_train_imgs_NO_CROP/all/642.png,75684,259.428951
../../data/795_NYU_MITpaper_train_imgs_NO_CROP/all/643.png,75684,259.428951
../../data/795_NYU_MITpaper_train_imgs_NO_CROP/all/644.png,75684,259.428951
../../data/795_NYU_MITpaper_train_imgs_NO_CROP/all/645.png,75684,259.428951
../../data/795_NYU_MITpaper_train_imgs_NO_CROP/all/646.png,75684,259.428951
../../data/795_NYU_MITpaper_train_imgs_NO_CROP/all/647.png,75684,259.428951
../../data/795_NYU_MITpaper_train_imgs_NO_CROP/all/648.png,75684,259.428951
../../data/795_NYU_MITpaper_train_imgs_NO_CROP/all/649.png,75684,259.428951
../../data/795_NYU_MITpaper_train_imgs_NO_CROP/all/650.png,75684,259.428951
../../data/795_NYU_MITpaper_train_imgs_NO_CROP/all/651.png,75684,259.428951
../../data/795_NYU_MITpaper_train_imgs_NO_CROP/all/652.png,75684,259.428951
../../data/795_NYU_MITpaper_train_imgs_NO_CROP/all/653.png,75684,259.428951
../../data/795_NYU_MITpaper_train_imgs_NO_CROP/all/654.png,75684,259.428951
../../data/795_NYU_MITpaper_train_imgs_NO_CROP/all/655.png,75684,259.428951
../../data/795_NYU_MITpaper_train_imgs_NO_CROP/all/656.png,75684,259.428951
../../data/795_NYU_MITpaper_train_imgs_NO_CROP/all/657.png,75684,259.428951
../../data/795_NYU_MITpaper_train_imgs_NO_CROP/all/658.png,75684,259.428951
../../data/795_NYU_MITpaper_train_imgs_NO_CROP/all/659.png,75684,259.428951
../../data/795_NYU_MITpaper_train_imgs_NO_CROP/all/660.png,75684,259.428951
../../data/795_NYU_MITpaper_train_imgs_NO_CROP/all/661.png,75684,259.428951
../../data/795_NYU_MITpaper_train_imgs_NO_CROP/all/662.png,75684,259.428951
../../data/795_NYU_MITpaper_train_imgs_NO_CROP/all/663.png,75684,259.428951
../../data/795_NYU_MITpaper_train_imgs_NO_CROP/all/664.png,75684,259.428951
../../data/795_NYU_MITpaper_train_imgs_NO_CROP/all/665.png,75684,259.428951
../../data/795_NYU_MITpaper_train_imgs_NO_CROP/all/666.png,75684,259.428951
../../data/795_NYU_MITpaper_train_imgs_NO_CROP/all/667.png,75684,259.428951
../../data/795_NYU_MITpaper_train_imgs_NO_CROP/all/668.png,75684,259.428951
../../data/795_NYU_MITpaper_train_imgs_NO_CROP/all/669.png,75684,259.428951
../../data/795_NYU_MITpaper_train_imgs_NO_CROP/all/670.png,75684,259.428951
../../data/795_NYU_MITpaper_train_imgs_NO_CROP/all/672.png,75684,259.428951
../../data/795_NYU_MITpaper_train_imgs_NO_CROP/all/674.png,75684,259.428951
../../data/795_NYU_MITpaper_train_imgs_NO_CROP/all/675.png,75684,259.428951
../../data/795_NYU_MITpaper_train_imgs_NO_CROP/all/676.png,75684,259.428951
../../data/795_NYU_MITpaper_train_imgs_NO_CROP/all/678.png,75684,259.428951
../../data/795_NYU_MITpaper_train_imgs_NO_CROP/all/679.png,75684,259.428951
../../data/795_NYU_MITpaper_train_imgs_NO_CROP/all/681.png,75684,259.428951
../../data/795_NYU_MITpaper_train_imgs_NO_CROP/all/682.png,75684,259.428951
../../data/795_NYU_MITpaper_train_imgs_NO_CROP/all/684.png,75684,259.428951
../../data/795_NYU_MITpaper_train_imgs_NO_CROP/all/685.png,75684,259.428951
../../data/795_NYU_MITpaper_train_imgs_NO_CROP/all/686.png,75684,259.428951
../../data/795_NYU_MITpaper_train_imgs_NO_CROP/all/687.png,75684,259.428951
../../data/795_NYU_MITpaper_train_imgs_NO_CROP/all/688.png,75684,259.428951
../../data/795_NYU_MITpaper_train_imgs_NO_CROP/all/689.png,75684,259.428951
../../data/795_NYU_MITpaper_train_imgs_NO_CROP/all/690.png,75684,259.428951
../../data/795_NYU_MITpaper_train_imgs_NO_CROP/all/691.png,75684,259.428951
../../data/795_NYU_MITpaper_train_imgs_NO_CROP/all/692.png,75684,259.428951
../../data/795_NYU_MITpaper_train_imgs_NO_CROP/all/693.png,75684,259.428951
../../data/795_NYU_MITpaper_train_imgs_NO_CROP/all/694.png,75684,259.428951
../../data/795_NYU_MITpaper_train_imgs_NO_CROP/all/695.png,75684,259.428951
../../data/795_NYU_MITpaper_train_imgs_NO_CROP/all/696.png,75684,259.428951
../../data/795_NYU_MITpaper_train_imgs_NO_CROP/all/697.png,75684,259.428951
../../data/795_NYU_MITpaper_train_imgs_NO_CROP/all/698.png,75684,259.428951
../../data/795_NYU_MITpaper_train_imgs_NO_CROP/all/699.png,75684,259.428951
../../data/795_NYU_MITpaper_train_imgs_NO_CROP/all/700.png,75684,259.428951
../../data/795_NYU_MITpaper_train_imgs_NO_CROP/all/702.png,75684,259.428951
../../data/795_NYU_MITpaper_train_imgs_NO_CROP/all/703.png,75684,259.428951
../../data/795_NYU_MITpaper_train_imgs_NO_CROP/all/704.png,75684,259.428951
../../data/795_NYU_MITpaper_train_imgs_NO_CROP/all/705.png,75684,259.428951
../../data/795_NYU_MITpaper_train_imgs_NO_CROP/all/706.png,75684,259.428951
../../data/795_NYU_MITpaper_train_imgs_NO_CROP/all/707.png,75684,259.428951
../../data/795_NYU_MITpaper_train_imgs_NO_CROP/all/708.png,75684,259.428951
../../data/795_NYU_MITpaper_train_imgs_NO_CROP/all/709.png,75684,259.428951
../../data/795_NYU_MITpaper_train_imgs_NO_CROP/all/710.png,75684,259.428951
../../data/795_NYU_MITpaper_train_imgs_NO_CROP/all/711.png,75684,259.428951
../../data/795_NYU_MITpaper_train_imgs_NO_CROP/all/712.png,75684,259.428951
../../data/795_NYU_MITpaper_train_imgs_NO_CROP/all/713.png,75684,259.428951
../../data/795_NYU_MITpaper_train_imgs_NO_CROP/all/714.png,75684,259.428951
../../data/795_NYU_MITpaper_train_imgs_NO_CROP/all/715.png,75684,259.428951
../../data/795_NYU_MITpaper_train_imgs_NO_CROP/all/716.png,75684,259.428951
../../data/795_NYU_MITpaper_train_imgs_NO_CROP/all/718.png,75684,259.428951
../../data/795_NYU_MITpaper_train_imgs_NO_CROP/all/719.png,75684,259.428951
../../data/795_NYU_MITpaper_train_imgs_NO_CROP/all/720.png,75684,259.428951
../../data/795_NYU_MITpaper_train_imgs_NO_CROP/all/721.png,75684,259.428951
../../data/795_NYU_MITpaper_train_imgs_NO_CROP/all/722.png,75684,259.428951
../../data/795_NYU_MITpaper_train_imgs_NO_CROP/all/723.png,75684,259.428951
../../data/795_NYU_MITpaper_train_imgs_NO_CROP/all/724.png,75684,259.428951
../../data/795_NYU_MITpaper_train_imgs_NO_CROP/all/725.png,75684,259.428951
../../data/795_NYU_MITpaper_train_imgs_NO_CROP/all/726.png,75684,259.428951
../../data/795_NYU_MITpaper_train_imgs_NO_CROP/all/727.png,75684,259.428951
../../data/795_NYU_MITpaper_train_imgs_NO_CROP/all/728.png,75684,259.428951
../../data/795_NYU_MITpaper_train_imgs_NO_CROP/all/729.png,75684,259.428951
../../data/795_NYU_MITpaper_train_imgs_NO_CROP/all/730.png,75684,259.428951
../../data/795_NYU_MITpaper_train_imgs_NO_CROP/all/731.png,75684,259.428951
../../data/795_NYU_MITpaper_train_imgs_NO_CROP/all/732.png,75684,259.428951
../../data/795_NYU_MITpaper_train_imgs_NO_CROP/all/733.png,75684,259.428951
../../data/795_NYU_MITpaper_train_imgs_NO_CROP/all/734.png,75684,259.428951
../../data/795_NYU_MITpaper_train_imgs_NO_CROP/all/735.png,75684,259.428951
../../data/795_NYU_MITpaper_train_imgs_NO_CROP/all/736.png,75684,259.428951
../../data/795_NYU_MITpaper_train_imgs_NO_CROP/all/737.png,75684,259.428951
../../data/795_NYU_MITpaper_train_imgs_NO_CROP/all/738.png,75684,259.428951
../../data/795_NYU_MITpaper_train_imgs_NO_CROP/all/739.png,75684,259.428951
../../data/795_NYU_MITpaper_train_imgs_NO_CROP/all/740.png,75684,259.428951
../../data/795_NYU_MITpaper_train_imgs_NO_CROP/all/741.png,75684,259.428951
../../data/795_NYU_MITpaper_train_imgs_NO_CROP/all/742.png,75684,259.428951
../../data/795_NYU_MITpaper_train_imgs_NO_CROP/all/743.png,75684,259.428951
../../data/795_NYU_MITpaper_train_imgs_NO_CROP/all/744.png,75684,259.428951
../../data/795_NYU_MITpaper_train_imgs_NO_CROP/all/745.png,75684,259.428951
../../data/795_NYU_MITpaper_train_imgs_NO_CROP/all/746.png,75684,259.428951
../../data/795_NYU_MITpaper_train_imgs_NO_CROP/all/747.png,75684,259.428951
../../data/795_NYU_MITpaper_train_imgs_NO_CROP/all/748.png,75684,259.428951
../../data/795_NYU_MITpaper_train_imgs_NO_CROP/all/749.png,75684,259.428951
../../data/795_NYU_MITpaper_train_imgs_NO_CROP/all/750.png,75684,259.428951
../../data/795_NYU_MITpaper_train_imgs_NO_CROP/all/751.png,75684,259.428951
../../data/795_NYU_MITpaper_train_imgs_NO_CROP/all/752.png,75684,259.428951
../../data/795_NYU_MITpaper_train_imgs_NO_CROP/all/753.png,75684,259.428951
../../data/795_NYU_MITpaper_train_imgs_NO_CROP/all/754.png,75684,259.428951
../../data/795_NYU_MITpaper_train_imgs_NO_CROP/all/755.png,75684,259.428951
../../data/795_NYU_MITpaper_train_imgs_NO_CROP/all/756.png,75684,259.428951
../../data/795_NYU_MITpaper_train_imgs_NO_CROP/all/757.png,75684,259.428951
../../data/795_NYU_MITpaper_train_imgs_NO_CROP/all/758.png,75684,259.428951
../../data/795_NYU_MITpaper_train_imgs_NO_CROP/all/761.png,75684,259.428951
../../data/795_NYU_MITpaper_train_imgs_NO_CROP/all/762.png,75684,259.428951
../../data/795_NYU_MITpaper_train_imgs_NO_CROP/all/763.png,75684,259.428951
../../data/795_NYU_MITpaper_train_imgs_NO_CROP/all/764.png,75684,259.428951
../../data/795_NYU_MITpaper_train_imgs_NO_CROP/all/765.png,75684,259.428951
../../data/795_NYU_MITpaper_train_imgs_NO_CROP/all/766.png,75684,259.428951
../../data/795_NYU_MITpaper_train_imgs_NO_CROP/all/767.png,75684,259.428951
../../data/795_NYU_MITpaper_train_imgs_NO_CROP/all/768.png,75684,259.428951
../../data/795_NYU_MITpaper_train_imgs_NO_CROP/all/769.png,75684,259.428951
../../data/795_NYU_MITpaper_train_imgs_NO_CROP/all/770.png,75684,259.428951
../../data/795_NYU_MITpaper_train_imgs_NO_CROP/all/771.png,75684,259.428951
../../data/795_NYU_MITpaper_train_imgs_NO_CROP/all/772.png,75684,259.428951
../../data/795_NYU_MITpaper_train_imgs_NO_CROP/all/773.png,75684,259.428951
../../data/795_NYU_MITpaper_train_imgs_NO_CROP/all/774.png,75684,259.428951
../../data/795_NYU_MITpaper_train_imgs_NO_CROP/all/775.png,75684,259.428951
../../data/795_NYU_MITpaper_train_imgs_NO_CROP/all/776.png,75684,259.428951
../../data/795_NYU_MITpaper_train_imgs_NO_CROP/all/777.png,75684,259.428951
../../data/795_NYU_MITpaper_train_imgs_NO_CROP/all/778.png,75684,259.428951
../../data/795_NYU_MITpaper_train_imgs_NO_CROP/all/779.png,75684,259.428951
../../data/795_NYU_MITpaper_train_imgs_NO_CROP/all/780.png,75684,259.428951
../../data/795_NYU_MITpaper_train_imgs_NO_CROP/all/781.png,75684,259.428951
../../data/795_NYU_MITpaper_train_imgs_NO_CROP/all/782.png,75684,259.428951
../../data/795_NYU_MITpaper_train_imgs_NO_CROP/all/783.png,75684,259.428951
../../data/795_NYU_MITpaper_train_imgs_NO_CROP/all/784.png,75684,259.428951
../../data/795_NYU_MITpaper_train_imgs_NO_CROP/all/785.png,75684,259.428951
../../data/795_NYU_MITpaper_train_imgs_NO_CROP/all/786.png,75684,259.428951
../../data/795_NYU_MITpaper_train_imgs_NO_CROP/all/787.png,75684,259.428951
../../data/795_NYU_MITpaper_train_imgs_NO_CROP/all/788.png,75684,259.428951
../../data/795_NYU_MITpaper_train_imgs_NO_CROP/all/789.png,75684,259.428951
../../data/795_NYU_MITpaper_train_imgs_NO_CROP/all/790.png,75684,259.428951
../../data/795_NYU_MITpaper_train_imgs_NO_CROP/all/792.png,75684,259.428951
../../data/795_NYU_MITpaper_train_imgs_NO_CROP/all/793.png,75684,259.428951
../../data/795_NYU_MITpaper_train_imgs_NO_CROP/all/794.png,75684,259.428951
../../data/795_NYU_MITpaper_train_imgs_NO_CROP/all/795.png,75684,259.428951
